id;nome;data_nascimento;data_admissao;cpf;rg;sexo;login_acesso
1;streamline;2021-02-05;2021-02-04;Corners Home;New York Handmade;Netherlands Antilles mobile Port;bandwidth salmon reinvent
2;Sausages;2021-02-04;2021-02-04;Drive grid-enabled;Operations Kiribati invoice;Buckinghamshire;Electronics virtual seamless
3;Games users;2021-02-04;2021-02-04;Trail cross-platform Corporate;Dynamic;SMS Avon Chief;aggregate B2B Licensed Concrete Gloves
4;cyan navigate deposit;2021-02-04;2021-02-04;SCSI Table;Books Sleek Rubber Bacon Agent;Sports leading-edge Passage;Sleek Granite Keyboard Mexican Peso Mexican Unidad de Inversion (UDI)
5;olive;2021-02-04;2021-02-04;markets;payment Practical Wooden Shoes Pants;transmit Refined;SQL red
6;Shoes Soap;2021-02-05;2021-02-04;quantify;Alaska utilisation;withdrawal Money Market Account payment;Sharable fuchsia
7;Checking Account grey silver;2021-02-04;2021-02-04;SSL vertical;protocol;optical;Forward
8;Metrics Berkshire;2021-02-05;2021-02-05;olive;value-added Libyan Dinar Knolls;Arkansas;Creative
9;Fantastic;2021-02-04;2021-02-04;Trafficway South Carolina;Ergonomic Yen;Personal Loan Account transmit matrix;task-force Indiana
10;Credit Card Account Grocery knowledge base;2021-02-04;2021-02-04;Corporate;Health Assurance;interface Gorgeous Ergonomic Wooden Pants;RAM Grocery
